{
  "project_info": {
    "project_number": "1071070276352",
    "project_id": "aqualink-a5768",
    "storage_bucket": "aqualink-a5768.firebasestorage.app"
  },
  "client": [
    {
      "client_info": {
        "mobilesdk_app_id": "1:1071070276352:android:bc83d1da1998ffda8ca1e5",
        "android_client_info": {
          "package_name": "com.example.aqualink"
        }
      },
      "oauth_client": [],
      "api_key": [
        {
          "current_key": "AIzaSyC4uRBfhUMm5nqI_rB27qWQ_pGK52p240o"
        }
      ],
      "services": {
        "appinvite_service": {
          "other_platform_oauth_client": []
        }
      }
    }
  ],
  "configuration_version": "1"
}